jar_file,sha256,mod_id,mod_name,installed_version,authors,environment,project_url,repository_url,license_name,spdx_identifier,license_type,license_url,license_source,license_version,license_found_in_jar,curseforge_project_id,curseforge_file_id,modrinth_project_id,public_modpack_distribution,curseforge_distribution,jar_redistribution,commercial_server_use,monetized_server_use,modification_allowed,source_disclosure_required,attribution_required,license_file_required,notice_file_required,written_permission_required,confidence,status,notes
AdvancementPlaques-1.21.1-fabric-1.6.8.jar,dda6cc159edd450d05b9ff15832747b951dacd068c601018c219bca833ce5bef,advancementplaques,Advancement Plaques,1.6.8,Grend,client,https://anthonyhilyard.com/,https://github.com/AHilyard/AdvancementPlaques,Creative Commons CC-BY-NC-ND-4.0,CC-BY-NC-ND-4.0,CREATIVE_COMMONS,https://github.com/AHilyard/AdvancementPlaques/blob/main/LICENSE,Metadata fabric.mod.json,4.0,False,514882,5905997,,SIM,SIM,SIM,SIM,SIM,NÃO,NÃO,SIM,SIM,CONDICIONAL,NÃO,ALTA,APROVADO,
Almanac-1.21.1-2-fabric-1.5.2.jar,fe375dc91dc9d10071090b989f7296dbddc968feb7bb24cf3b92ef2aed217d93,almanac,Almanac,1.5.2,frikinjay,*,https://github.com/frikinjay/almanac,,GNU Lesser General Public License v3.0,LGPL-3.0-only,COPYLEFT,https://github.com/frikinjay/almanac,Metadata fabric.mod.json,3.0,False,1115285,7489079,,SIM,SIM,SIM,SIM,SIM,SIM,SIM,SIM,SIM,CONDICIONAL,NÃO,ALTA,APROVADO,
BadOptimizations-2.4.1-1.21.1.jar,22e2467892d3706f43d1cf2aa637785bb8601c20b0098a82ab956e6a8fc4d2ba,badoptimizations,BadOptimizations,2.4.1,Thosea,client,https://modrinth.com/mod/badoptimizations/,https://github.com/imthosea/BadOptimizations/,MIT,MIT,PERMISSIVA,https://github.com/imthosea/BadOptimizations//blob/main/LICENSE,Embedded metadata / upstream repo (MIT License),2.0,False,949555,7338300,,SIM,SIM,SIM,SIM,SIM,SIM,NÃO,SIM,SIM,CONDICIONAL,NÃO,ALTA,APROVADO,
BetterF3-11.0.3-Fabric-1.21.1.jar,e0e4bb25fbe23b16b7574474ee9fde5cdc9757d05885bc43978f4ea5e8e258ad,betterf3,BetterF3,11.0.3,cominixo; TreyRuffy,client,https://modrinth.com/mod/betterf3,https://github.com/TreyRuffy/BetterF3.git,MIT License,MIT,PERMISSIVA,https://github.com/TreyRuffy/BetterF3.git/blob/main/LICENSE,Metadata fabric.mod.json / JAR embedded,1.0,True,401648,5873256,,SIM,SIM,SIM,SIM,SIM,SIM,NÃO,SIM,SIM,CONDICIONAL,NÃO,ALTA,APROVADO,
BetterThirdPerson-Fabric-1.21-1.9.0.jar,f9ec9dc6508b20d32a3c770ecc77641e8f87c98e298d58e2757a6ef14abbb457,betterthirdperson,Better Third Person,1.9.0,Socolio; DreenDex,client,https://injected.coffee/,,All Rights Reserved,ARR,ARR,https://injected.coffee/,Metadata fabric.mod.json,1.0,False,435044,5439141,,SIM,SIM,NÃO,SIM,SIM,NÃO,NÃO,CONDICIONAL,CONDICIONAL,CONDICIONAL,NÃO,ALTA,APROVADO,Mod ARR com permissao de distribuicao ativada no CurseForge via CurseForge Modpack Manifest.
Carved Wood-fabric-1.21.1-1.9.7-B.jar,90b0784cd66b656343ec4b42c9e5562e92175f15ed91404a03a39e386a23847c,carved_wood,Carved Wood,1.9.7-B,Im_Maker,*,https://fabricmc.net/,https://github.com/FabricMC/fabric-example-mod,Maker's Mods License,Makers-Mods-License,CUSTOMIZADA,https://github.com/FabricMC/fabric-example-mod/blob/main/LICENSE,Metadata fabric.mod.json,1.0,False,1335174,8444854,,SIM,SIM,CONDICIONAL,SIM,SIM,NÃO,NÃO,SIM,SIM,CONDICIONAL,NÃO,ALTA,APROVADO,
Clumps-fabric-1.21.1-19.0.0.1.jar,49e406cb2872e24a2d2dbe461b93f0c8fbee1748d14c2a941e54f785e3a1e1a7,clumps,Clumps,19.0.0.1,Jared,*,https://www.curseforge.com/minecraft/mc-mods/clumps,https://github.com/jaredlll08/Clumps,MIT License,MIT,PERMISSIVA,https://github.com/jaredlll08/Clumps/blob/main/LICENSE,Metadata fabric.mod.json / JAR embedded,1.0,False,256717,5623729,,SIM,SIM,SIM,SIM,SIM,SIM,NÃO,SIM,SIM,CONDICIONAL,NÃO,ALTA,APROVADO,
CobbleFurnies-fabric-1.2.jar,c1230a58ca2369b973bfade68a0ffcac86ffcbf9dd2a845999ed8c5348bfef93,cobblefurnies,CobbleFurnies,1.2,LunazStudios,*,https://www.curseforge.com/minecraft/mc-mods/cobblefurnies,,MIT License,MIT,PERMISSIVA,https://www.curseforge.com/minecraft/mc-mods/cobblefurnies,Metadata fabric.mod.json / JAR embedded,1.0,False,1188698,8340198,,SIM,SIM,SIM,SIM,SIM,SIM,NÃO,SIM,SIM,CONDICIONAL,NÃO,ALTA,APROVADO,
Cobblemon-fabric-1.7.3+1.21.1.jar,f7c25955176badc444ad6211fc556514fedbdba776227f105fe899f8819d74e3,cobblemon,Cobblemon,1.7.3+1.21.1,The Cobblemon Team,*,https://cobblemon.com/,https://gitlab.com/cable-mc/cobblemon,Mozilla Public License 2.0,MPL-2.0,COPYLEFT,https://gitlab.com/cable-mc/cobblemon/blob/main/LICENSE,Metadata fabric.mod.json,2.0,True,687131,7553235,,SIM,SIM,SIM,SIM,SIM,SIM,SIM,SIM,SIM,CONDICIONAL,NÃO,ALTA,APROVADO,
Cobbreeding-fabric-2.2.2.jar,6ef5d451535a5066ada4676d1782664f167cef9f0f7b8fcbc41471934a0a47db,cobbreeding,Cobbreeding,2.2.2,Ludichat; Fuzuki,*,https://www.curseforge.com/minecraft/mc-mods/cobbreeding,https://gitlab.com/ludichat/Cobbreeding,MIT License,MIT,PERMISSIVA,https://gitlab.com/ludichat/Cobbreeding/blob/main/LICENSE,Metadata fabric.mod.json / JAR embedded,1.0,True,,,,SIM,SIM,SIM,SIM,SIM,SIM,NÃO,SIM,SIM,CONDICIONAL,NÃO,ALTA,APROVADO,
Controlling-fabric-1.21.1-19.0.5.jar,c0150c5bfbc77f27b92f24a5a9c2edc462eba8c8f912635757c5deb3a0a93f8d,controlling,Controlling,19.0.5,Jaredlll08,client,https://www.curseforge.com/minecraft/mc-mods/controlling,https://github.com/jaredlll08/controlling,MIT License,MIT,PERMISSIVA,https://github.com/jaredlll08/controlling/blob/main/LICENSE,Metadata fabric.mod.json / JAR embedded,1.0,True,250398,6368974,,SIM,SIM,SIM,SIM,SIM,SIM,NÃO,SIM,SIM,CONDICIONAL,NÃO,ALTA,APROVADO,
CrashAssistant-fabric-1.20.2-1.21.4-1.11.11.jar,6dae81228d79570e0f3c8bbfa7c8d9f8597dea3ed8b3d7398beb23e74443de3c,crash_assistant,Crash Assistant,1.11.11,KostromDan,*,https://www.curseforge.com/minecraft/mc-mods/crash-assistant,https://github.com/KostromDan/Crash-Assistant,KostromDan’s Modded Minecraft License (Version 1.1.3),CUSTOM,CUSTOMIZADA,https://github.com/KostromDan/Crash-Assistant/blob/main/LICENSE,Metadata fabric.mod.json,1.0,True,1154099,8422740,,SIM,SIM,CONDICIONAL,SIM,SIM,NÃO,NÃO,SIM,SIM,CONDICIONAL,NÃO,ALTA,APROVADO,
Debugify-1.21.1+1.0.jar,e61e83875190150337a2366d9374f04865654de7bdf83e6ab29d9915899f8d7a,Debugify-1.21.1+1.0,Debugify,None,isXander,both,https://www.curseforge.com/minecraft/mc-mods/debugify,,GPL-3.0,GPL-3.0,COPYLEFT,https://www.curseforge.com/minecraft/mc-mods/debugify,Upstream repo (GPL-3.0),3.0,False,596224,5691544,,SIM,SIM,SIM,SIM,SIM,SIM,SIM,SIM,SIM,CONDICIONAL,NÃO,ALTA,APROVADO,
ForgeConfigAPIPort-v21.1.6-1.21.1-Fabric.jar,2e3a8f0e3bda85a7d722720e7ce879cbd9d028d9395c6fc224d329b3c982d9b1,forgeconfigapiport,Forge Config API Port,21.1.6,Fuzs,*,https://github.com/Fuzss/forgeconfigapiport,https://github.com/Fuzss/forgeconfigapiport,Mozilla Public License 2.0,MPL-2.0,COPYLEFT,https://github.com/Fuzss/forgeconfigapiport/blob/main/LICENSE,Metadata fabric.mod.json,2.0,True,547434,7213608,,SIM,SIM,SIM,SIM,SIM,SIM,SIM,SIM,SIM,CONDICIONAL,NÃO,ALTA,APROVADO,
Highlighter-1.21-fabric-1.1.11.jar,e7e1d43e52da7b695907632785675d9aa21c2726b3ade7a51721e4b0e16f67b1,highlighter,Highlighter,1.1.11,Grend,client,https://anthonyhilyard.com/,https://github.com/AHilyard/Highlighter,Creative Commons CC-BY-NC-ND-4.0,CC-BY-NC-ND-4.0,CREATIVE_COMMONS,https://github.com/AHilyard/Highlighter/blob/main/LICENSE,Metadata fabric.mod.json,4.0,False,541578,5591012,,SIM,SIM,SIM,SIM,SIM,NÃO,NÃO,SIM,SIM,CONDICIONAL,NÃO,ALTA,APROVADO,
Iceberg-1.21.1-fabric-1.3.2.jar,9214790af6fb75c19ef6b95e0e47999addf018e8c7a1630a5118c4252e6d8d36,iceberg,Iceberg,1.3.2,Grend,*,https://anthonyhilyard.com/,https://github.com/AHilyard/Iceberg,Creative Commons CC-BY-NC-ND-4.0,CC-BY-NC-ND-4.0,CREATIVE_COMMONS,https://github.com/AHilyard/Iceberg/blob/main/LICENSE,Metadata fabric.mod.json,4.0,False,539382,6423860,,SIM,SIM,SIM,SIM,SIM,NÃO,NÃO,SIM,SIM,CONDICIONAL,NÃO,ALTA,APROVADO,
ImmediatelyFast-Fabric-1.6.11+1.21.1.jar,05a5f3c716ae631af3cc925c8144894368c632156f2d581dd8295cc223ea2f6d,immediatelyfast,ImmediatelyFast,1.6.11+1.21.1,RK_01,client,https://github.com/RaphiMC/ImmediatelyFast,https://github.com/RaphiMC/ImmediatelyFast,GNU Lesser General Public License v3.0,LGPL-3.0-only,COPYLEFT,https://github.com/RaphiMC/ImmediatelyFast/blob/main/LICENSE,Metadata fabric.mod.json,3.0,True,686911,8348516,,SIM,SIM,SIM,SIM,SIM,SIM,SIM,SIM,SIM,CONDICIONAL,NÃO,ALTA,APROVADO,
Jade-1.21.1-Fabric-15.10.5.jar,b78e8f6e0e3d0148ae3b042c484d11bc5c53a81fbe71a9dcbc750338f4dce386,jade,Jade,15.10.5+fabric,Snownee,both,https://www.curseforge.com/minecraft/mc-mods/jade,https://github.com/Snownee/Jade,Creative Commons CC-BY-NC-SA-4.0,CC-BY-NC-SA-4.0,CREATIVE_COMMONS,https://github.com/Snownee/Jade/blob/main/LICENSE,Metadata fabric.mod.json,4.0,False,324717,7545228,,SIM,SIM,SIM,SIM,SIM,NÃO,NÃO,SIM,SIM,CONDICIONAL,NÃO,ALTA,APROVADO,
Luckys-Cozyhome-Refurnished-1.1.20.jar,0915e3e54c12fe40622cab94005418d32cbde011fa9c2d7c27756eb7d5313a66,cozyhome,Cozy Home,1.1.20,"LuckyOwl, DipChip",*,https://fabricmc.net/,https://github.com/FabricMC/fabric-example-mod,MIT License,MIT,PERMISSIVA,https://github.com/FabricMC/fabric-example-mod/blob/main/LICENSE,Metadata fabric.mod.json / JAR embedded,1.0,True,825733,7273189,,SIM,SIM,SIM,SIM,SIM,SIM,NÃO,SIM,SIM,CONDICIONAL,NÃO,ALTA,APROVADO,
MobsBeGone-0.0.7.jar,ad45c9c1bfe8c018d372f9fb6eb3e95507d6252b6cb4204478d04653d9634e98,mobsbegone,MobsBeGone,0.0.7,Olivia; EasyMochi,*,https://www.curseforge.com/minecraft/mc-mods/mobsbegone,,All Rights Reserved,ARR,ARR,https://www.curseforge.com/minecraft/mc-mods/mobsbegone,Metadata fabric.mod.json,1.0,False,1302442,6742844,,SIM,SIM,NÃO,SIM,SIM,NÃO,NÃO,CONDICIONAL,CONDICIONAL,CONDICIONAL,NÃO,ALTA,APROVADO,Mod ARR com permissao de distribuicao ativada no CurseForge via CurseForge Modpack Manifest.
MoreCobblemonTweaks-fabric-1.3.3.jar,8adee1d12c9dd86626e5472d6e1bbcb70b08ed62fea5bdd09db9180cc8411cae,more_cobblemon_tweaks,MoreCobblemonTweaks,1.3.3,JustAHuman,*,https://modrinth.com/mod/more-cobblemon-tweaks,https://github.com/JustAHuman-xD/MoreCobblemonTweaks,GNU General Public License v3.0,GPL-3.0-only,COPYLEFT,https://github.com/JustAHuman-xD/MoreCobblemonTweaks/blob/main/LICENSE,Metadata fabric.mod.json,3.0,False,1082538,7593364,,SIM,SIM,SIM,SIM,SIM,SIM,SIM,SIM,SIM,CONDICIONAL,NÃO,ALTA,APROVADO,
MouseTweaks-fabric-mc1.21-2.26.jar,3e9fa4800fafef616fbf1545d62f5898f55c83fbd4126ce2b48b5e0077243fc0,mousetweaks,Mouse Tweaks,2.26,Ivan Molodetskikh (YaLTeR),client,https://www.curseforge.com/minecraft/mc-mods/mouse-tweaks,https://github.com/YaLTeR/MouseTweaks,BSD 3-Clause License,BSD-3-Clause,PERMISSIVA,https://github.com/YaLTeR/MouseTweaks/blob/main/LICENSE,Metadata fabric.mod.json,3-clause,False,60089,5437294,,SIM,SIM,SIM,SIM,SIM,SIM,NÃO,SIM,SIM,CONDICIONAL,NÃO,ALTA,APROVADO,
NaturesCompass-1.21.1-2.6.0-fabric.jar,ca49039369a0d8a9b8ab0a9e03e838c8ac1a5c7724756ec42762c54e80ed87a3,naturescompass,Nature's Compass,1.21.1-2.6.0-fabric,ChaosTheDude,*,https://www.curseforge.com/minecraft/mc-mods/natures-compass,https://github.com/MattCzyr/NaturesCompass,Creative Commons CC-BY-NC-SA-4.0,CC-BY-NC-SA-4.0,CREATIVE_COMMONS,https://github.com/MattCzyr/NaturesCompass/blob/main/LICENSE,Metadata fabric.mod.json,4.0,False,252848,7892952,,SIM,SIM,SIM,SIM,SIM,NÃO,NÃO,SIM,SIM,CONDICIONAL,NÃO,ALTA,APROVADO,
NoChatReports-FABRIC-1.21.1-v2.9.1.jar,413c3952cbbf641b492bb2e47763ed7e48d1d72db0863d9d2274a74ce5269849,nochatreports,No Chat Reports,1.21.1-v2.9.1,Aizistral,*,https://www.curseforge.com/minecraft/mc-mods/no-chat-reports,https://www.curseforge.com/minecraft/mc-mods/no-chat-reports,WTFPL,WTFPL,PERMISSIVA,https://www.curseforge.com/minecraft/mc-mods/no-chat-reports/blob/main/LICENSE,Metadata fabric.mod.json,2.0,True,634062,5885733,,SIM,SIM,SIM,SIM,SIM,SIM,NÃO,SIM,SIM,CONDICIONAL,NÃO,ALTA,APROVADO,
OpenLoader-fabric-1.21.1-21.1.5.jar,95b48a53035f1b7193916b8202637a582d6680ebdcdb0ce6a0c6c0427a443483,openloader,OpenLoader,21.1.5,Darkhax,*,https://www.curseforge.com/minecraft/mc-mods/open-loader,https://github.com/Darkhax-Minecraft/Open-Loader,GNU Lesser General Public License v2.1,LGPL-2.1-only,COPYLEFT,https://github.com/Darkhax-Minecraft/Open-Loader/blob/main/LICENSE,Metadata fabric.mod.json,2.1,True,354339,6546291,,SIM,SIM,SIM,SIM,SIM,SIM,SIM,SIM,SIM,CONDICIONAL,NÃO,ALTA,APROVADO,
Ping-Wheel-1.12.2-fabric-1.21.1.jar,9ba63ca5f33c86d0ce3aec2b04fafcc2fbcb8e705e46a7be20ff66382331c3e3,pingwheel,Ping Wheel,1.12.2,Luken,*,https://www.curseforge.com/minecraft/mc-mods/ping-wheel,https://github.com/LukenSkyne/Minecraft-Ping-Wheel,MIT License,MIT,PERMISSIVA,https://github.com/LukenSkyne/Minecraft-Ping-Wheel/blob/main/LICENSE,Metadata fabric.mod.json / JAR embedded,1.0,False,734339,7996933,,SIM,SIM,SIM,SIM,SIM,SIM,NÃO,SIM,SIM,CONDICIONAL,NÃO,ALTA,APROVADO,
SafePastures-1.1.1+1.21.1.jar,41d1c286db3e02a3249346a5efda6f95799ab895aa40c03a87cdcd81a95e4b45,safepastures,Safe Pastures,1.1.1+1.21.1,chadlymasterson,*,https://www.curseforge.com/minecraft/mc-mods/cobblemon-safepastures,,MIT License,MIT,PERMISSIVA,https://www.curseforge.com/minecraft/mc-mods/cobblemon-safepastures,Metadata fabric.mod.json / JAR embedded,1.0,False,1248185,7248017,,CONDICIONAL,NÃO,SIM,SIM,SIM,SIM,NÃO,SIM,SIM,CONDICIONAL,NÃO,ALTA,REVISÃO_MANUAL_NECESSÁRIA,Mod com allowModDistribution=False no CurseForge metadata.
ScalableLux-0.1.0.1+fabric.d0d58ab-all.jar,f32ed8d825c7af90b14ab9f7bbe1293818bcf411fea104ae20d18ecde30f8387,scalablelux,ScalableLux,0.1.0.1+fabric.d0d58ab,Spottedleaf; ishland,*,https://www.curseforge.com/minecraft/mc-mods/scalablelux,https://github.com/RelativityMC/ScalableLux,GNU Lesser General Public License v3.0,LGPL-3.0-only,COPYLEFT,https://github.com/RelativityMC/ScalableLux/blob/main/LICENSE,Metadata fabric.mod.json,3.0,False,1055925,6952368,,SIM,SIM,SIM,SIM,SIM,SIM,SIM,SIM,SIM,CONDICIONAL,NÃO,ALTA,APROVADO,
Searchables-fabric-1.21.1-1.0.2.jar,0b58a40a41db4a4af4ef84475b0ea330be3b18fdcac2eca68ede46d9f4df3d76,searchables,Searchables,1.0.2,Jaredlll08,client,https://www.curseforge.com/minecraft/mc-mods/searchables,https://github.com/jaredlll08/searchables,MIT License,MIT,PERMISSIVA,https://github.com/jaredlll08/searchables/blob/main/LICENSE,Metadata fabric.mod.json / JAR embedded,1.0,True,858542,5831690,,SIM,SIM,SIM,SIM,SIM,SIM,NÃO,SIM,SIM,CONDICIONAL,NÃO,ALTA,APROVADO,
SimpleTMs-fabric-2.3.3.jar,c5baa07f405433f62218fc3916360d4cda37558d01d493df7a618ac7d78d22c1,simpletms,SimpleTMs,2.3.3,Dragomordor,*,https://www.curseforge.com/minecraft/mc-mods/simpletms-tms-and-trs-for-cobblemon,TODO,MIT License,MIT,PERMISSIVA,TODO/blob/main/LICENSE,Metadata fabric.mod.json / JAR embedded,1.0,True,959184,7319642,,CONDICIONAL,NÃO,SIM,SIM,SIM,SIM,NÃO,SIM,SIM,CONDICIONAL,NÃO,ALTA,REVISÃO_MANUAL_NECESSÁRIA,Mod com allowModDistribution=False no CurseForge metadata.
VirtualLoot-fabric-0.3.jar,0f86c061c5b44558e2566a55eb9053ffb5e50c62199c74d22484ea4a22df92a2,virtualloot,Cobblemon Virtual Loot,0.3,LunazStudios,*,https://www.curseforge.com/minecraft/mc-mods/cobblemon-virtual-loot,,MIT License,MIT,PERMISSIVA,https://www.curseforge.com/minecraft/mc-mods/cobblemon-virtual-loot,Metadata fabric.mod.json / JAR embedded,1.0,False,1588671,8360292,,SIM,SIM,SIM,SIM,SIM,SIM,NÃO,SIM,SIM,CONDICIONAL,NÃO,ALTA,APROVADO,
accelerated-decay-fabric-21.0.0.jar,7b2c896f717544a69fe078ce40c9ab6adf7818e924524f6c8661096414097284,accelerateddecay,Accelerated Decay,21.0.0,ErrorMikey,*,https://github.com/Nanite/AcceleratedDecay,https://github.com/Nanite/AcceleratedDecay,GNU General Public License v3.0,GPL-3.0-only,COPYLEFT,https://github.com/Nanite/AcceleratedDecay/blob/main/LICENSE,Metadata fabric.mod.json,3.0,False,699872,5433035,,SIM,SIM,SIM,SIM,SIM,SIM,SIM,SIM,SIM,CONDICIONAL,NÃO,ALTA,APROVADO,
accessories-fabric-1.1.0-beta.53+1.21.1.jar,51e6f6d52cb2523199ad36e5bc04802230f86904c35ac3dbf36e59c86b2c30d1,accessories,Accessories,1.1.0-beta.53+1.21.1,Blodhgarm; chyzman; Dr.Zeal,*,https://wispforest.io/,https://github.com/wisp-forest/accessories,MIT License,MIT,PERMISSIVA,https://github.com/wisp-forest/accessories/blob/main/LICENSE,Metadata fabric.mod.json / JAR embedded,1.0,False,938917,7583323,,SIM,SIM,SIM,SIM,SIM,SIM,NÃO,SIM,SIM,CONDICIONAL,NÃO,ALTA,APROVADO,
appleskin-fabric-mc1.21-3.0.6.jar,9a19cec1294b1bc708392a08e6926dcb85d7378ec5ad909a4b6fcb8bc3bfeaa2,appleskin,AppleSkin,3.0.6+mc1.21,squeek502,*,https://minecraft.curseforge.com/projects/appleskin,https://github.com/squeek502/AppleSkin,The Unlicense,Unlicense,PERMISSIVA,https://github.com/squeek502/AppleSkin/blob/main/LICENSE,Metadata fabric.mod.json,1.0,True,248787,5864741,,SIM,SIM,SIM,SIM,SIM,SIM,NÃO,SIM,SIM,CONDICIONAL,NÃO,ALTA,APROVADO,
architectury-13.0.11-fabric.jar,ab17d5c7d8d8c93cc713437ed426f0ff0d6f802a48fff0c579a9bd3aaa833efd,architectury,Architectury,13.0.11,shedaniel,*,https://architectury.github.io/architectury-documentations/,https://github.com/architectury/architectury-api,GNU Lesser General Public License v3.0,LGPL-3.0-only,COPYLEFT,https://github.com/architectury/architectury-api/blob/main/LICENSE,Metadata fabric.mod.json,3.0,False,419699,8492725,,SIM,SIM,SIM,SIM,SIM,SIM,SIM,SIM,SIM,CONDICIONAL,NÃO,ALTA,APROVADO,
athena-fabric-1.21.1-4.0.6.jar,e17aad84c690ac4e46300a4180b3ae4077ffa4f526dbc82d117afbbff4ee83e4,athena,Athena,4.0.6,ThatGravyBoat,*,https://www.curseforge.com/minecraft/mc-mods/athena,,MIT License,MIT,PERMISSIVA,https://www.curseforge.com/minecraft/mc-mods/athena,Metadata fabric.mod.json / JAR embedded,1.0,False,841890,8061949,,SIM,SIM,SIM,SIM,SIM,SIM,NÃO,SIM,SIM,CONDICIONAL,NÃO,ALTA,APROVADO,
balm-fabric-1.21.1-21.0.63.jar,4c3604961b74e9cbc91efb1a93daa2f4e55354a46afc93cb74f0de543fd86391,balm,Balm,21.0.63,BlayTheNinth,*,https://balm.twelveiterations.com/,https://github.com/TwelveIterations/Balm,All Rights Reserved,ARR,ARR,https://github.com/TwelveIterations/Balm/blob/main/LICENSE,Metadata fabric.mod.json,1.0,True,500525,8424819,,SIM,SIM,NÃO,SIM,SIM,NÃO,NÃO,CONDICIONAL,CONDICIONAL,CONDICIONAL,NÃO,ALTA,APROVADO,Mod ARR com permissao de distribuicao ativada no CurseForge via CurseForge Modpack Manifest.
beautify-2.0.0+1.21.1.jar,134da1a8e3841f0a14004e839bd1e0a9d091cc5769a82b0052cebda2804ac4fd,beautify,Beautify,2.0.0+1.21.1,Suel_ki,*,https://www.curseforge.com/minecraft/mc-mods/beautify-refabricated,https://github.com/Suel-ki/Beautify-Refabricated,MIT License,MIT,PERMISSIVA,https://github.com/Suel-ki/Beautify-Refabricated/blob/main/LICENSE,Metadata fabric.mod.json / JAR embedded,1.0,True,809311,7553989,,SIM,SIM,SIM,SIM,SIM,SIM,NÃO,SIM,SIM,CONDICIONAL,NÃO,ALTA,APROVADO,
better-pokedex-scanner-1.0.0.jar,aca37fa43fe9226cf99f75f194bf6cb9ec27d71dad1ae6c732d0791636231180,better_pokedex_scanner,Better Pokédex Scanner,1.0.0,Joshiki,*,https://www.curseforge.com/minecraft/mc-mods/cobblemon-better-pokedex-scanner,,MIT License,MIT,PERMISSIVA,https://www.curseforge.com/minecraft/mc-mods/cobblemon-better-pokedex-scanner,Metadata fabric.mod.json / JAR embedded,1.0,False,1514948,7931023,,SIM,SIM,SIM,SIM,SIM,SIM,NÃO,SIM,SIM,CONDICIONAL,NÃO,ALTA,APROVADO,
bookshelf-fabric-1.21.1-21.1.81.jar,df2dd3a3e75f2dbf56baf9bdb6cc0007f9c0efb0f2b2067f047ddf98ea1b49d8,bookshelf,Bookshelf,21.1.81,Darkhax,*,https://www.curseforge.com/minecraft/mc-mods/bookshelf,https://github.com/Darkhax-Minecraft/Bookshelf,GNU Lesser General Public License v2.1,LGPL-2.1-only,COPYLEFT,https://github.com/Darkhax-Minecraft/Bookshelf/blob/main/LICENSE,Metadata fabric.mod.json,2.1,True,228525,7606241,,SIM,SIM,SIM,SIM,SIM,SIM,SIM,SIM,SIM,CONDICIONAL,NÃO,ALTA,APROVADO,
c2me-fabric-mc1.21.1-0.4.0-alpha.0.23.jar,6a77c69140f3da10e20b25ee8a75da039c5835b73f9c7a03615fbd968b574e5e,c2me,Concurrent Chunk Management Engine,0.4.0-alpha.0.23+1.21.1,RelativityMC; ishland,*,https://modrinth.com/mod/c2me-fabric,https://github.com/RelativityMC/C2ME-fabric,MIT License,MIT,PERMISSIVA,https://github.com/RelativityMC/C2ME-fabric/blob/main/LICENSE,Metadata fabric.mod.json / JAR embedded,1.0,True,533097,8480674,,SIM,SIM,SIM,SIM,SIM,SIM,NÃO,SIM,SIM,CONDICIONAL,NÃO,ALTA,APROVADO,
capturexp-fabric-1.7.3-1.3.0.jar,8f5ab9ce3ea2957f75033f3adc8a6195d303a96c3a8c1eebd1d5ee254bf88cf7,capture_xp,Cobblemon Capture XP,1.7.3-fabric-1.3.0,timinc aka Timothy Metcalfe,*,https://discord.com/invite/WKAR27SdSv,https://github.com/timinc-cobble/cobblemon-capture-xp,MIT License,MIT,PERMISSIVA,https://github.com/timinc-cobble/cobblemon-capture-xp/blob/main/LICENSE,Metadata fabric.mod.json / JAR embedded,1.0,False,901059,7568498,,SIM,SIM,SIM,SIM,SIM,SIM,NÃO,SIM,SIM,CONDICIONAL,NÃO,ALTA,APROVADO,
catchindicator-fabric-1.8.1.jar,f2fc8b3e006aac42f1d31c10acfe9e32f12a133bb24d0bc0f64114f3ba105659,catchindicator,Catch Indicator,1.8.1,OurStory x LevelsFR,client,https://www.curseforge.com/minecraft/mc-mods/catch-indicator,,All Rights Reserved,ARR,ARR,https://www.curseforge.com/minecraft/mc-mods/catch-indicator,Metadata fabric.mod.json,1.0,False,1431831,8536608,,SIM,SIM,NÃO,SIM,SIM,NÃO,NÃO,CONDICIONAL,CONDICIONAL,CONDICIONAL,NÃO,ALTA,APROVADO,Mod ARR com permissao de distribuicao ativada no CurseForge via CurseForge Modpack Manifest.
catchrate-display-fabric-2.8.23.jar,593ced2b62153ecb5098f438b10f6ddbc20321e5f93971b0ab4caa48399c0ac1,catchrate-display,Cobblemon Catch Rate Display,2.8.23,Akkiruk,client,https://modrinth.com/mod/catchrate-display,https://github.com/Akkiruk/catchrate-display,MIT License,MIT,PERMISSIVA,https://github.com/Akkiruk/catchrate-display/blob/main/LICENSE,Metadata fabric.mod.json / JAR embedded,1.0,False,1450604,8510335,,SIM,SIM,SIM,SIM,SIM,SIM,NÃO,SIM,SIM,CONDICIONAL,NÃO,ALTA,APROVADO,
chipped-fabric-1.21.1-4.0.2.jar,1721c94365fd8d2d3c3fdcac7efbfd7e605daa7dfb8adc4c126c5bbde2820c79,chipped,Chipped,4.0.2,Alex Nijjar; Grimbop; Kekie6; ThatGravyBoat,*,https://www.curseforge.com/minecraft/mc-mods/chipped,,Terrarium Licence,Terrarium-1.0,CUSTOMIZADA,https://www.curseforge.com/minecraft/mc-mods/chipped,Metadata fabric.mod.json,1.0,False,456956,5813118,,SIM,SIM,CONDICIONAL,SIM,SIM,NÃO,NÃO,SIM,SIM,CONDICIONAL,NÃO,ALTA,APROVADO,
cloth-config-15.0.140-fabric.jar,33894e95da3af59014b39d126586d5241e07ea39f8618763e30dab637405f95f,cloth-config,Cloth Config v15,15.0.140,shedaniel,both,https://minecraft.curseforge.com/projects/cloth-config,https://github.com/shedaniel/ClothConfig,GNU Lesser General Public License v3.0,LGPL-3.0-only,COPYLEFT,https://github.com/shedaniel/ClothConfig/blob/main/LICENSE,Metadata fabric.mod.json,3.0,True,348521,5729125,,SIM,SIM,SIM,SIM,SIM,SIM,SIM,SIM,SIM,CONDICIONAL,NÃO,ALTA,APROVADO,
cobblebattlerewards-2.0.7.1.jar,9c99f046335540883676fec80dd6fb769110abae9017f644f0ea0a3146f4afb3,cobblebattlerewards,CobbleBattleRewards,2.0.7,Hysocs,*,https://www.curseforge.com/minecraft/mc-mods/cobblebattlerewards,,GNU Lesser General Public License v3.0,LGPL-3.0-only,COPYLEFT,https://www.curseforge.com/minecraft/mc-mods/cobblebattlerewards,Metadata fabric.mod.json,3.0,True,1275662,8141147,,SIM,SIM,SIM,SIM,SIM,SIM,SIM,SIM,SIM,CONDICIONAL,NÃO,ALTA,APROVADO,
cobblecuisine-2.0.1-1.7-rc1.jar,081d9ba2ddaae3f9b3240c0b4d49b75c4f93ab2b6e9bbb7bb69a3bc05520e1d9,cobblecuisine,CobbleCuisine,2.0.1,Fyre520,*,https://www.curseforge.com/minecraft/mc-mods/cobblecuisine,,MIT License,MIT,PERMISSIVA,https://www.curseforge.com/minecraft/mc-mods/cobblecuisine,Metadata fabric.mod.json / JAR embedded,1.0,False,1254643,7265785,,CONDICIONAL,NÃO,SIM,SIM,SIM,SIM,NÃO,SIM,SIM,CONDICIONAL,NÃO,ALTA,REVISÃO_MANUAL_NECESSÁRIA,Mod com allowModDistribution=False no CurseForge metadata.
cobbleloots-fabric-2.3.0.jar,36a53bcec0880bf34f5240ac0d707579eecbe527a93cfa3e202f20d166c68c24,cobbleloots,Cobbleloots: Loot Balls and More!,2.3.0,RipioDev,*,https://resistorcat.github.io/cobbleloots/,https://github.com/ResistorCat/cobbleloots,MIT License,MIT,PERMISSIVA,https://github.com/ResistorCat/cobbleloots/blob/main/LICENSE,Metadata fabric.mod.json / JAR embedded,1.0,False,1037611,7842374,,SIM,SIM,SIM,SIM,SIM,SIM,NÃO,SIM,SIM,CONDICIONAL,NÃO,ALTA,APROVADO,
cobblemon-battle-extras-fabric-1.13.45.jar,099c3dafd5c7d29e8d91f954a9598565fdd07dac235bb9c49ab305d9af37f826,cobblemon-battle-extras,Cobblemon Battle Extras,1.13.45,Raguto & Yemagh,*,https://fabricmc.net/,https://github.com/FabricMC/fabric-example-mod,All Rights Reserved,ARR,ARR,https://github.com/FabricMC/fabric-example-mod/blob/main/LICENSE,Metadata fabric.mod.json,1.0,False,1396525,7968868,,SIM,SIM,NÃO,SIM,SIM,NÃO,NÃO,CONDICIONAL,CONDICIONAL,CONDICIONAL,NÃO,ALTA,APROVADO,Mod ARR com permissao de distribuicao ativada no CurseForge via CurseForge Modpack Manifest.
cobblemon_battle_tower-fabric-1.10.22.jar,043ee6625cfdb796ee3c0d4210428fb2b93151d38a9fc97a1478488eb1f86f95,cobblemon_battle_tower,Cobblemon Battle Tower,1.10.22,Raguto & Yemagh,*,https://www.curseforge.com/minecraft/mc-mods/cobblemon-battle-tower,,All Rights Reserved,ARR,ARR,https://www.curseforge.com/minecraft/mc-mods/cobblemon-battle-tower,Metadata fabric.mod.json,1.0,False,1441260,7957420,,SIM,SIM,NÃO,SIM,SIM,NÃO,NÃO,CONDICIONAL,CONDICIONAL,CONDICIONAL,NÃO,ALTA,APROVADO,Mod ARR com permissao de distribuicao ativada no CurseForge via CurseForge Modpack Manifest.
cobblemon_knowlogy-fabric-1.6.0-beta.1-1.21.1.jar,c067845ad346f301eb872251c2d16421fdc083e63ce6e1fc07012cd1731f2eb5,cobblemon_knowlogy,Cobblemon Knowlogy,1.6.0-beta.1,VinnyStalck,*,https://www.curseforge.com/minecraft/mc-mods/cobblemon-knowlogy,https://gitlab.com/VinnyStalck/knowlogy/-/tree/cobblemon/main,GNU General Public License v3.0,GPL-3.0-only,COPYLEFT,https://gitlab.com/VinnyStalck/knowlogy/-/tree/cobblemon/main/blob/main/LICENSE,Metadata fabric.mod.json,3.0,False,1144644,7814590,,SIM,SIM,SIM,SIM,SIM,SIM,SIM,SIM,SIM,CONDICIONAL,NÃO,ALTA,APROVADO,
cobblemon_spawn_alerts-fabric-1.13.2.jar,35bd1cd3491922199c83fceff270949d38b88732b297e5a3a22d596031304010,cobblemon_spawn_alerts,Cobblemon Spawn Alerts,1.13.2,"Stasis, the Shattered",*,https://www.curseforge.com/minecraft/mc-mods/cobblemon-spawn-alerts,,MIT License,MIT,PERMISSIVA,https://www.curseforge.com/minecraft/mc-mods/cobblemon-spawn-alerts,Metadata fabric.mod.json / JAR embedded,1.0,True,1295053,7722424,,SIM,SIM,SIM,SIM,SIM,SIM,NÃO,SIM,SIM,CONDICIONAL,NÃO,ALTA,APROVADO,
cobblemonintegrations-fabric-1.21.1-1.1.6.jar,d070f29970e39c77da578c05c762bbec093fe796b3ea82bafe79012df4268c12,cobblemonintegrations,CobblemonIntegrations,1.1.6,"Arcaryx, 2ScoopsPlz",*,https://www.curseforge.com/minecraft/mc-mods/cobblemon-integrations,,MIT License,MIT,PERMISSIVA,https://www.curseforge.com/minecraft/mc-mods/cobblemon-integrations,Metadata fabric.mod.json / JAR embedded,1.0,False,913400,7673567,,SIM,SIM,SIM,SIM,SIM,SIM,NÃO,SIM,SIM,CONDICIONAL,NÃO,ALTA,APROVADO,
cobblemonraiddens-fabric-0.11.4+1.21.1.jar,7dd22ce0009202b398a87465fb2b503c284dfae142552b928a4656a75a0a888c,cobblemonraiddens,Cobblemon Raid Dens,0.11.4+1.21.1,NecroSo1,*,https://www.curseforge.com/minecraft/mc-mods/cobblemonraiddens,,MIT License,MIT,PERMISSIVA,https://www.curseforge.com/minecraft/mc-mods/cobblemonraiddens,Metadata fabric.mod.json / JAR embedded,1.0,False,1349231,8479429,,SIM,SIM,SIM,SIM,SIM,SIM,NÃO,SIM,SIM,CONDICIONAL,NÃO,ALTA,APROVADO,
cobblenav-fabric-2.3.3.jar,e66eb486f5cfbeef2215910193eba0000c191bbf774fa59f3e0b955ce13cae45,cobblenav,Cobblenav,2.3.3,gatekeep06,*,https://www.curseforge.com/minecraft/mc-mods/cobblemon-pokenav,https://github.com/FabricMC/fabric-example-mod,Mozilla Public License 2.0,MPL-2.0,COPYLEFT,https://github.com/FabricMC/fabric-example-mod/blob/main/LICENSE,Metadata fabric.mod.json,2.0,False,976014,7940648,,CONDICIONAL,NÃO,SIM,SIM,SIM,SIM,SIM,SIM,SIM,CONDICIONAL,NÃO,ALTA,REVISÃO_MANUAL_NECESSÁRIA,Mod com allowModDistribution=False no CurseForge metadata.
cobblerun-1.1.0.jar,c00ba051ae56eae043fb8cf55d145349587bd6afda14c81be013d3327c0f85a2,cobblerun,Cobblerun,1.1.0,YourName,*,https://www.curseforge.com/minecraft/mc-mods/cobblerun,,MIT License,MIT,PERMISSIVA,https://www.curseforge.com/minecraft/mc-mods/cobblerun,Metadata fabric.mod.json / JAR embedded,1.0,False,1395351,7279238,,CONDICIONAL,NÃO,SIM,SIM,SIM,SIM,NÃO,SIM,SIM,CONDICIONAL,NÃO,ALTA,REVISÃO_MANUAL_NECESSÁRIA,Mod com allowModDistribution=False no CurseForge metadata.
cobbleworkers-fabric-2.0.5+1.7.0.jar,63f0b2a4be6295e5aa55171091a809808ad7e06aaeb5fa956d07b72c0078897d,cobbleworkers,Cobbleworkers,2.0.5+1.7.0,Accieo,*,https://www.curseforge.com/minecraft/mc-mods/cobbleworkers,https://github.com/accieo/cobbleworkers,Mozilla Public License 2.0,MPL-2.0,COPYLEFT,https://github.com/accieo/cobbleworkers/blob/main/LICENSE,Metadata fabric.mod.json,2.0,False,1296055,8353204,,SIM,SIM,SIM,SIM,SIM,SIM,SIM,SIM,SIM,CONDICIONAL,NÃO,ALTA,APROVADO,
comforts-fabric-9.0.5+1.21.1.jar,73ff17028967a2e30731ea79aee2e18dd8e2d59a5dcd075facd6491cae1b2231,comforts,Comforts,9.0.5+1.21.1,Illusive Soulworks,*,https://www.curseforge.com/minecraft/mc-mods/comforts,https://github.com/illusivesoulworks/comforts,GNU Lesser General Public License v3.0,LGPL-3.0-only,COPYLEFT,https://github.com/illusivesoulworks/comforts/blob/main/LICENSE,Metadata fabric.mod.json,3.0,True,276951,7515856,,SIM,SIM,SIM,SIM,SIM,SIM,SIM,SIM,SIM,CONDICIONAL,NÃO,ALTA,APROVADO,
configurable-3.5.2+1.21.1-fabric.jar,70f7728d67ff8c420a53ef3c08ec73732517882317ab20a084b273773aa1e5e2,configurable,Configurable,3.5.2,Bawnorton,*,https://github.com/Bawnorton/Configurable,https://github.com/Bawnorton/Configurable,MIT License,MIT,PERMISSIVA,https://github.com/Bawnorton/Configurable/blob/main/LICENSE,Metadata fabric.mod.json / JAR embedded,1.0,False,1092048,8438543,,SIM,SIM,SIM,SIM,SIM,SIM,NÃO,SIM,SIM,CONDICIONAL,NÃO,ALTA,APROVADO,
connectivity-fabric-1.21-7.6.jar,7abf008b1d8fb99a26a381f8998c3a12c4dad6506937c5289f78a4300dca132a,connectivity,Connectivity Mod,1.21-7.6,Someaddons,*,https://www.curseforge.com/minecraft/mc-mods/connectivity,,All Rights Reserved,ARR,ARR,https://www.curseforge.com/minecraft/mc-mods/connectivity,Metadata fabric.mod.json,1.0,False,470193,7366092,,SIM,SIM,NÃO,SIM,SIM,NÃO,NÃO,CONDICIONAL,CONDICIONAL,CONDICIONAL,NÃO,ALTA,APROVADO,Mod ARR com permissao de distribuicao ativada no CurseForge via CurseForge Modpack Manifest.
constructionwand-1.0.6+1.21.1.jar,dc9f7ce2e469f926e3fafb3522360ba207603c54aac2ff41cad2e9b84ec56f92,constructionwand,Construction Wand (Fabric),1.0.6,JongWasTaken; Theta-Dev,*,https://github.com/JongWasTaken/ConstructionWand-Fabric,https://github.com/JongWasTaken/ConstructionWand-Fabric,MIT License,MIT,PERMISSIVA,https://github.com/JongWasTaken/ConstructionWand-Fabric/blob/main/LICENSE,Metadata fabric.mod.json / JAR embedded,1.0,True,1035665,5676987,,SIM,SIM,SIM,SIM,SIM,SIM,NÃO,SIM,SIM,CONDICIONAL,NÃO,ALTA,APROVADO,
cupboard-fabric-1.21.1-3.9.jar,3b9c9241ab9a017e04d21fa7e27921f26f40028bae14bae3d162d01a3fd48a87,cupboard,cupboard,1.21.1-3.9,Someaddon,*,https://www.curseforge.com/minecraft/mc-mods/cupboard,,All Rights Reserved,ARR,ARR,https://www.curseforge.com/minecraft/mc-mods/cupboard,Metadata fabric.mod.json,1.0,False,326652,8481126,,SIM,SIM,NÃO,SIM,SIM,NÃO,NÃO,CONDICIONAL,CONDICIONAL,CONDICIONAL,NÃO,ALTA,APROVADO,Mod ARR com permissao de distribuicao ativada no CurseForge via CurseForge Modpack Manifest.
emberstextapi-fabric-1.21.1-3.0.2.jar,b505fe1e475ff750733890950302277032cfc7254da3ba02adaf351e8a6a74aa,emberstextapi,Ember's Text API,3.0.2,TysonTheEmber,*,https://tysontheember.dev,https://git.tysontheember.dev/TysonTheEmber/EmbersTextAPI,TysonTheEmber Modding Licence,TysonTheEmber-Custom,CUSTOMIZADA,https://git.tysontheember.dev/TysonTheEmber/EmbersTextAPI/blob/main/LICENSE,Metadata fabric.mod.json,1.0,True,1345948,8389402,,SIM,SIM,CONDICIONAL,SIM,SIM,NÃO,NÃO,SIM,SIM,CONDICIONAL,NÃO,ALTA,APROVADO,
enchdesc-fabric-1.21.1-21.1.10.jar,d4a721fcb5704f4a1a7f3d136b9122e802f214c03497a54d8f3e54cabdb806a8,enchdesc,EnchantmentDescriptions,21.1.10,Darkhax,client,https://www.curseforge.com/minecraft/mc-mods/enchantment-descriptions,https://github.com/Darkhax-Minecraft/Enchantment-Descriptions,GNU Lesser General Public License v2.1,LGPL-2.1-only,COPYLEFT,https://github.com/Darkhax-Minecraft/Enchantment-Descriptions/blob/main/LICENSE,Metadata fabric.mod.json,2.1,True,250419,8240825,,SIM,SIM,SIM,SIM,SIM,SIM,SIM,SIM,SIM,CONDICIONAL,NÃO,ALTA,APROVADO,
entityculling-fabric-1.10.5-mc1.21.1.jar,cfb5491f5ed9609784cf3d6a926bef046ca80cb74c7856e6134335d7d0ce839e,entityculling,EntityCulling,1.10.5,tr7zw,both,https://modrinth.com/mod/entityculling,https://github.com/tr7zw/EntityCulling,tr7zw Protective License,tr7zw-Protective,CUSTOMIZADA,https://github.com/tr7zw/EntityCulling/blob/main/LICENSE,Metadata fabric.mod.json,1.0,True,448233,8287094,,SIM,NÃO,NÃO,SIM,SIM,NÃO,NÃO,SIM,SIM,CONDICIONAL,NÃO,ALTA,APROVADO,tr7zw Protective License permite modpacks no CurseForge/Modrinth via canais oficiais; proibe espelhos e redistribuicao direta de JAR.
everlastingutils-1.1.6.jar,ba2a72eac0020525e13ebccb538e0bc6853708217510a4af243cea15651244d6,everlastingutils,EverlastingUtils,1.1.6,Hysocs,*,https://www.curseforge.com/minecraft/mc-mods/e-utils,,GNU Lesser General Public License v3.0,LGPL-3.0-only,COPYLEFT,https://www.curseforge.com/minecraft/mc-mods/e-utils,Metadata fabric.mod.json,3.0,False,1275646,8098521,,SIM,SIM,SIM,SIM,SIM,SIM,SIM,SIM,SIM,CONDICIONAL,NÃO,ALTA,APROVADO,
fabric-api-0.116.15+1.21.1.jar,a61a10f730ab8aa45ff42486ee65699e6e51c28a0c168deb161e7d4029473aa3,fabric-api,Fabric API,0.116.15+1.21.1,FabricMC,*,https://fabricmc.net,https://github.com/FabricMC/fabric,Apache License 2.0,Apache-2.0,PERMISSIVA,https://github.com/FabricMC/fabric/blob/main/LICENSE,Metadata fabric.mod.json,2.0,True,306612,8525495,,SIM,SIM,SIM,SIM,SIM,SIM,NÃO,SIM,SIM,CONDICIONAL,NÃO,ALTA,APROVADO,
fabric-language-kotlin-1.13.13+kotlin.2.4.10.jar,34ccdacf13bb9351fe43ce61912c2e09b72364e43e787d36ba3d2d04dec75a52,fabric-language-kotlin,Fabric Language Kotlin,1.13.13+kotlin.2.4.10,FabricMC,both,https://minecraft.curseforge.com/projects/fabric-language-kotlin,https://github.com/FabricMC/fabric-language-kotlin,Apache License 2.0,Apache-2.0,PERMISSIVA,https://github.com/FabricMC/fabric-language-kotlin/blob/main/LICENSE,Metadata fabric.mod.json,2.0,True,308769,8439967,,SIM,SIM,SIM,SIM,SIM,SIM,NÃO,SIM,SIM,CONDICIONAL,NÃO,ALTA,APROVADO,
fancymenu_fabric_3.9.8_MC_1.21.1.jar,19e5faf15a769ba4841815fb2320f1efc9f97ddffbc24c95299b6480b50af201,fancymenu,FancyMenu,3.9.8,Keksuccino,*,https://www.curseforge.com/minecraft/mc-mods/fancymenu,,DON'T SNATCH MA STUFF LICENSE v3 (DSMSLv3),DSMSL-3.0,CUSTOMIZADA,https://www.curseforge.com/minecraft/mc-mods/fancymenu,Metadata fabric.mod.json,3.0,False,367706,8440209,,SIM,SIM,NÃO,SIM,SIM,NÃO,NÃO,SIM,SIM,CONDICIONAL,NÃO,ALTA,APROVADO,"DSMSLv3 permite inclusao em modpacks via launcher oficial/CurseForge, proibe redistribuicao direta do JAR e modificacao."
ferritecore-7.0.3-fabric.jar,98c3ab1d5aab8f14b5d082d3f1a467727fd335f02d124555c94339761c4c18f2,ferritecore,FerriteCore,7.0.3,malte0811,*,https://www.curseforge.com/minecraft/mc-mods/ferritecore-fabric,,MIT License,MIT,PERMISSIVA,https://www.curseforge.com/minecraft/mc-mods/ferritecore-fabric,Metadata fabric.mod.json / JAR embedded,1.0,False,459857,7524152,,SIM,SIM,SIM,SIM,SIM,SIM,NÃO,SIM,SIM,CONDICIONAL,NÃO,ALTA,APROVADO,
fightorflight-fabric-0.10.9.jar,7eee034d17281b43324cbdcc41a3836b6c44a93798d40a608538ed12a72279c1,fightorflight,Cobblemon Fight or Flight Fabric,0.10.9,rufia; LyquidQrystal,*,https://fabricmc.net/,https://github.com/FabricMC/fabric-example-mod,MIT License,MIT,PERMISSIVA,https://github.com/FabricMC/fabric-example-mod/blob/main/LICENSE,Metadata fabric.mod.json / JAR embedded,1.0,False,1168140,8404742,,SIM,SIM,SIM,SIM,SIM,SIM,NÃO,SIM,SIM,CONDICIONAL,NÃO,ALTA,APROVADO,
flickerfix-1.21.1-fabric-6.1.0.jar,f36879ba366b702b5c1368bb88bdaec45fd1e16864cc43f7d3af02475535a74c,flickerfix,FlickerFix,6.1.0,Me!,client,https://fabricmc.net/,https://github.com/jeremiahwinsley/flickerfix-fabric,Creative Commons Zero v1.0 Universal,CC0-1.0,PERMISSIVA,https://github.com/jeremiahwinsley/flickerfix-fabric/blob/main/LICENSE,Metadata fabric.mod.json,1.0,False,431430,7413106,,SIM,SIM,SIM,SIM,SIM,SIM,NÃO,SIM,SIM,CONDICIONAL,NÃO,ALTA,APROVADO,
fusion-1.3.12-fabric-mc1.21.jar,55b53ef1fc6d42d4410cdac927e7b984436ea58d1a021eb3e1bbb6194602f9ea,fusion,Fusion,1.3.12,SuperMartijn642,*,https://www.curseforge.com/minecraft/mc-mods/fusion-connected-textures,https://github.com/SuperMartijn642/Fusion,All Rights Reserved,ARR,ARR,https://github.com/SuperMartijn642/Fusion/blob/main/LICENSE,Metadata fabric.mod.json,1.0,False,854949,8536584,,SIM,SIM,NÃO,SIM,SIM,NÃO,NÃO,CONDICIONAL,CONDICIONAL,CONDICIONAL,NÃO,ALTA,APROVADO,Mod ARR com permissao de distribuicao ativada no CurseForge via CurseForge Modpack Manifest.
fzzy_config-0.7.6+1.21.jar,323dc065cc3aaeb7f908be7e5d31070a25d4188b433ed770a79700ef8f5e8f7d,fzzy_config,Fzzy Config,0.7.6+1.21,fzzyhmstrs,*,https://www.curseforge.com/minecraft/mc-mods/fzzy-config,https://github.com/fzzyhmstrs/fconfig,Timefall Development Licence - Modified 1.3,Timefall-1.3,CUSTOMIZADA,https://github.com/fzzyhmstrs/fconfig/blob/main/LICENSE,Metadata fabric.mod.json,1.3,True,1005914,7568948,,SIM,SIM,CONDICIONAL,SIM,SIM,NÃO,NÃO,SIM,SIM,CONDICIONAL,NÃO,ALTA,APROVADO,
geckolib-fabric-1.21.1-4.9.2.jar,eac4cf55e1cb99b22cb91ea87c774d2a670c1711a80f4aff50e6ad56b6c58e7e,geckolib,GeckoLib 4,4.9.2,"Gecko, Eliot, AzureDoom, DerToaster, Tslat, Witixin",*,https://www.curseforge.com/minecraft/mc-mods/geckolib,https://github.com/bernie-g/geckolib,MIT License,MIT,PERMISSIVA,https://github.com/bernie-g/geckolib/blob/main/LICENSE,Metadata fabric.mod.json / JAR embedded,1.0,True,388172,8350058,,SIM,SIM,SIM,SIM,SIM,SIM,NÃO,SIM,SIM,CONDICIONAL,NÃO,ALTA,APROVADO,
graves-3.4.4+1.21.jar,3b46ddc0911b8bfc2ba6eabae03f7071afee8b5816a3f11104d7899073a023d3,universal-graves,Universal Graves,3.4.4+1.21,Patbox,*,https://pb4.eu,https://github.com/Patbox/UniversalGraves,GNU Lesser General Public License v3.0,LGPL-3.0-only,COPYLEFT,https://github.com/Patbox/UniversalGraves/blob/main/LICENSE,Metadata fabric.mod.json,3.0,True,497175,5706180,,SIM,SIM,SIM,SIM,SIM,SIM,SIM,SIM,SIM,CONDICIONAL,NÃO,ALTA,APROVADO,
handcrafted-fabric-1.21.1-4.0.3.jar,9609c27e2eeaed4c633ade2d68ad980cfbed0442a10239846a67e9c62bc1b230,handcrafted,Handcrafted,4.0.3,Alex Nijjar; Kekie6,*,https://www.curseforge.com/minecraft/mc-mods/handcrafted,,Terrarium Licence,Terrarium-1.0,CUSTOMIZADA,https://www.curseforge.com/minecraft/mc-mods/handcrafted,Metadata fabric.mod.json,1.0,False,538214,6330032,,SIM,SIM,CONDICIONAL,SIM,SIM,NÃO,NÃO,SIM,SIM,CONDICIONAL,NÃO,ALTA,APROVADO,
iris-fabric-1.8.14-beta.1+mc1.21.1.jar,0ceb694040b4628bf3fa02286cfe5f0db833195669ab07f8caa4001359763eff,iris,Iris,1.8.14-beta.1+mc1.21.1,coderbot; IMS212; Justsnoopy30; FoundationGames,client,https://github.com/IrisShaders/Iris,https://github.com/IrisShaders/Iris.git,GNU Lesser General Public License v3.0,LGPL-3.0-only,COPYLEFT,https://github.com/IrisShaders/Iris.git/blob/main/LICENSE,Metadata fabric.mod.json,3.0,False,455508,8242801,,SIM,SIM,SIM,SIM,SIM,SIM,SIM,SIM,SIM,CONDICIONAL,NÃO,ALTA,APROVADO,
ironfurnacesfabric-1.21.1-1.0.0.jar,ab0f653cd31ecf616eca7b9fb953d405687634c114d02ed913800aa99ed1d9e4,ironfurnaces,Iron Furnaces,1.21.1-1.0.0,Astryxion,*,https://www.curseforge.com/minecraft/mc-mods/iron-furnaces-fabric-neoforge,,Apache License 2.0,Apache-2.0,PERMISSIVA,https://www.curseforge.com/minecraft/mc-mods/iron-furnaces-fabric-neoforge,Metadata fabric.mod.json,2.0,True,1506700,7895524,,SIM,SIM,SIM,SIM,SIM,SIM,NÃO,SIM,SIM,CONDICIONAL,NÃO,ALTA,APROVADO,
jei-1.21.1-fabric-19.27.0.336.jar,1d47dab86cee6d68e0887ec5e14deee125d3e2ea92c5ecedbb57f8f60aafa709,jei,Just Enough Items,19.27.0.336,mezz,*,https://www.curseforge.com/minecraft/mc-mods/jei,https://github.com/mezz/JustEnoughItems,MIT License,MIT,PERMISSIVA,https://github.com/mezz/JustEnoughItems/blob/main/LICENSE,Metadata fabric.mod.json / JAR embedded,1.0,False,238222,7391679,,SIM,SIM,SIM,SIM,SIM,SIM,NÃO,SIM,SIM,CONDICIONAL,NÃO,ALTA,APROVADO,
journeymap-fabric-1.21.1-6.0.2.jar,026fb1735e3f5afbecf9026398e33358c1dd844fae4398b76c997e173cbc6ef7,journeymap,Journeymap,1.21.1-6.0.2,Mysticdrew; Techbrew; MemeSapiens,*,http://journeymap.info,,All Rights Reserved,ARR,ARR,http://journeymap.info,Metadata fabric.mod.json,1.0,True,32274,8523099,,SIM,SIM,NÃO,SIM,SIM,NÃO,NÃO,CONDICIONAL,CONDICIONAL,CONDICIONAL,NÃO,ALTA,APROVADO,Mod ARR com permissao de distribuicao ativada no CurseForge via CurseForge Modpack Manifest.
knowlogy-fabric-0.9.1-1.21.1.jar,35737c0c002efacfcf27a98a26795200682167be993766c8fcdd7c997d43b6ca,knowlogy,Knowlogy Book,0.9.1,VinnyStalck,*,https://www.curseforge.com/minecraft/mc-mods/knowlogy,https://gitlab.com/VinnyStalck/knowlogy,GNU General Public License v3.0,GPL-3.0-only,COPYLEFT,https://gitlab.com/VinnyStalck/knowlogy/blob/main/LICENSE,Metadata fabric.mod.json,3.0,False,944409,6749574,,SIM,SIM,SIM,SIM,SIM,SIM,SIM,SIM,SIM,CONDICIONAL,NÃO,ALTA,APROVADO,
konkrete_fabric_1.9.9_MC_1.21.jar,06e912f99d59bf81c0676f1db936150ad4443d5674f59b3c55604540ba620841,konkrete,Konkrete,1.9.9,Keksuccino,*,https://www.curseforge.com/minecraft/mc-mods/konkrete-fabric,,Apache License 2.0,Apache-2.0,PERMISSIVA,https://www.curseforge.com/minecraft/mc-mods/konkrete-fabric,Metadata fabric.mod.json,2.0,False,416797,5430434,,SIM,SIM,SIM,SIM,SIM,SIM,NÃO,SIM,SIM,CONDICIONAL,NÃO,ALTA,APROVADO,
krypton-0.2.8.jar,94f195819b24e5da64effdc9da15cdd84836cc75e8ff0fd098bab6bc2f49e3fe,krypton,Krypton,0.2.8,tuxed,*,https://www.curseforge.com/minecraft/mc-mods/krypton,,GNU Lesser General Public License v3.0,LGPL-3.0-only,COPYLEFT,https://www.curseforge.com/minecraft/mc-mods/krypton,Metadata fabric.mod.json,3.0,True,428912,5460550,,SIM,SIM,SIM,SIM,SIM,SIM,SIM,SIM,SIM,CONDICIONAL,NÃO,ALTA,APROVADO,
lavender-0.1.15+1.21.jar,ad46db048ef9241bf00281ceaf52699c5733b00b9d36bdb7a2ab6274fe9fac4a,lavender,Lavender,0.1.15+1.21,glisco,*,https://modrinth.com/project/lavender,https://github.com/wisp-forest/lavender,MIT License,MIT,PERMISSIVA,https://github.com/wisp-forest/lavender/blob/main/LICENSE,Metadata fabric.mod.json / JAR embedded,1.0,True,962916,6107175,,SIM,SIM,SIM,SIM,SIM,SIM,NÃO,SIM,SIM,CONDICIONAL,NÃO,ALTA,APROVADO,
legendarymonuments-fabric-1.21.1-8.0.3.jar,f927d00711e5074fbb7d4adf6fe4f663b7fb378c10e782044c0b1924762ddbd4,legendarymonuments,Legendary Monuments,8.0.3,JorgaoMC,*,https://fabricmc.net/,https://github.com/FabricMC/fabric-example-mod,Mozilla Public License 2.0,MPL-2.0,COPYLEFT,https://github.com/FabricMC/fabric-example-mod/blob/main/LICENSE,Metadata fabric.mod.json,2.0,True,1263645,8352295,,SIM,SIM,SIM,SIM,SIM,SIM,SIM,SIM,SIM,CONDICIONAL,NÃO,ALTA,APROVADO,
letmedespawn-1.21.x-fabric-1.5.0.jar,abeac43f78a915cfa0c855fa945f07601a1509064079c4c8640c7105ba6ac554,letmedespawn,Let Me Despawn,1.5.0,frikinjay,*,https://github.com/frikinjay/let-me-despawn,,GNU Lesser General Public License v3.0,LGPL-3.0-only,COPYLEFT,https://github.com/frikinjay/let-me-despawn,Metadata fabric.mod.json,3.0,False,663477,6311233,,SIM,SIM,SIM,SIM,SIM,SIM,SIM,SIM,SIM,CONDICIONAL,NÃO,ALTA,APROVADO,
lithium-fabric-0.15.4+mc1.21.1.jar,92329d98c57f5a22091a0adb509fdb1d60113a5602c708b799b13134bad13baa,lithium,Lithium,0.15.4+mc1.21.1,JellySquid; 2No2Name,*,https://jellysquid.me/projects/,https://github.com/CaffeineMC/lithium-fabric,GNU Lesser General Public License v3.0,LGPL-3.0-only,COPYLEFT,https://github.com/CaffeineMC/lithium-fabric/blob/main/LICENSE,Metadata fabric.mod.json,3.0,True,360438,8330364,,SIM,SIM,SIM,SIM,SIM,SIM,SIM,SIM,SIM,CONDICIONAL,NÃO,ALTA,APROVADO,
lithostitched-1.7.13-fabric-21.1.jar,206c086604bcfea5b2862e90069470352cbf4b4d7088b55cdfa8f3452bedc270,lithostitched,Lithostitched,1.7.13,Apollo,both,https://www.curseforge.com/minecraft/mc-mods/lithostitched,,MIT License,MIT,PERMISSIVA,https://www.curseforge.com/minecraft/mc-mods/lithostitched,Metadata fabric.mod.json / JAR embedded,1.0,False,936015,8378496,,SIM,SIM,SIM,SIM,SIM,SIM,NÃO,SIM,SIM,CONDICIONAL,NÃO,ALTA,APROVADO,
lootr-fabric-1.21.1-1.11.37.122.jar,545620a1ecdabe9a3c8e256ab6a239c3ceff16001185cca73cfcb6f41e7ace15,lootr,Lootr,1.21.1-1.11.37.122,Noobanidus; ZestyBlaze; embeddedt,*,https://www.curseforge.com/minecraft/mc-mods/lootr-fabric,https://github.com/noobanidus/Lootr/tree/fabric-1.19.4,MIT License,MIT,PERMISSIVA,https://github.com/noobanidus/Lootr/tree/fabric-1.19.4/blob/main/LICENSE,Metadata fabric.mod.json / JAR embedded,1.0,False,615106,8428026,,SIM,SIM,SIM,SIM,SIM,SIM,NÃO,SIM,SIM,CONDICIONAL,NÃO,ALTA,APROVADO,
mega_showdown-fabric-1.9.3+1.7.3+1.21.1.jar,8cf740ab6585b2b6f047a5e7e87acb0c3b962745b5317876ead93e584ba60e97,mega_showdown-fabric-1.9.3+1.7.3+1.21.1,Cobblemon: Mega Showdown,None,yajatkaul,both,https://www.curseforge.com/minecraft/mc-mods/cobblemon-mega-showdown,,MIT,MIT,PERMISSIVA,https://www.curseforge.com/minecraft/mc-mods/cobblemon-mega-showdown,Upstream repo (MIT License),1.0,False,1189523,8519043,,SIM,SIM,SIM,SIM,SIM,SIM,NÃO,SIM,SIM,CONDICIONAL,NÃO,ALTA,APROVADO,
melody_fabric_1.0.10_MC_1.21.jar,223ab859b9cc246d8d6e5cec5e734f97be3aac545de6cda7743750262428ed83,melody,Melody,1.0.10,Keksuccino,*,https://www.curseforge.com/minecraft/mc-mods/melody,,MIT License,MIT,PERMISSIVA,https://www.curseforge.com/minecraft/mc-mods/melody,Metadata fabric.mod.json / JAR embedded,1.0,False,938643,5430438,,SIM,SIM,SIM,SIM,SIM,SIM,NÃO,SIM,SIM,CONDICIONAL,NÃO,ALTA,APROVADO,
modernfix-fabric-5.25.1+mc1.21.1.jar,3ce5a9ce75066961b7fa5382692bb1387cc3536cc984b064ab7d70b97f3c674c,modernfix,ModernFix,5.25.1+mc1.21.1,embeddedt,*,https://modrinth.com/mod/modernfix,https://github.com/embeddedt/ModernFix,GNU Lesser General Public License v3.0,LGPL-3.0-only,COPYLEFT,https://github.com/embeddedt/ModernFix/blob/main/LICENSE,Metadata fabric.mod.json,3.0,False,790626,7200210,,SIM,SIM,SIM,SIM,SIM,SIM,SIM,SIM,SIM,CONDICIONAL,NÃO,ALTA,APROVADO,
modmenu-11.0.4.jar,a88e0d67c82b0434cbf56776c482587c275ed660f635d33f53ba485dfa30dcc3,modmenu,Mod Menu,11.0.4,Prospector; haykam821; TerraformersMC,client,https://modrinth.com/mod/modmenu,https://github.com/TerraformersMC/ModMenu,MIT License,MIT,PERMISSIVA,https://github.com/TerraformersMC/ModMenu/blob/main/LICENSE,Metadata fabric.mod.json / JAR embedded,1.0,True,308702,7808443,,SIM,SIM,SIM,SIM,SIM,SIM,NÃO,SIM,SIM,CONDICIONAL,NÃO,ALTA,APROVADO,
moreconcrete-fabric-1.6.0-1.21.1.jar,3c1b788402a3d8355e450c4db70cdb1a912bbcf2cb7bfa7c1d89ca07c2670dab,moreconcrete,More Concrete,1.6.0-1.21.1,Autovw,*,https://www.curseforge.com/minecraft/mc-mods/more-concrete,https://github.com/Autovw/MoreConcrete,GNU General Public License v3.0,GPL-3.0-only,COPYLEFT,https://github.com/Autovw/MoreConcrete/blob/main/LICENSE,Metadata fabric.mod.json,3.0,False,545354,6359254,,SIM,SIM,SIM,SIM,SIM,SIM,SIM,SIM,SIM,CONDICIONAL,NÃO,ALTA,APROVADO,
musicnotification-fabric-3.2.0+mc1.21.1.jar,4d8d125c929c6c49b9d24b962de83c471337d8cb1bf71759399bd1f515e68692,musicnotification,MusicNotification,3.2.0,KosmoMoustache,client,https://mod.kosmo.ovh/,https://github.com/KosmoMoustache/MusicNotification,GNU Lesser General Public License v3.0,LGPL-3.0-only,COPYLEFT,https://github.com/KosmoMoustache/MusicNotification/blob/main/LICENSE,Metadata fabric.mod.json,3.0,False,817206,8439928,,SIM,SIM,SIM,SIM,SIM,SIM,SIM,SIM,SIM,CONDICIONAL,NÃO,ALTA,APROVADO,
neruina-3.3.3+1.21.1-fabric.jar,a3a49320128920256b43857e5254e5cd2a481417da61d0999a249aceb6125b20,neruina,Neruina,3.3.3,Bawnorton,*,https://github.com/Bawnorton/Neruina,https://github.com/Bawnorton/Neruina,MIT License,MIT,PERMISSIVA,https://github.com/Bawnorton/Neruina/blob/main/LICENSE,Metadata fabric.mod.json / JAR embedded,1.0,False,851046,8451082,,SIM,SIM,SIM,SIM,SIM,SIM,NÃO,SIM,SIM,CONDICIONAL,NÃO,ALTA,APROVADO,
netherportalfix-fabric-1.21.1-21.1.3.jar,c6589e3a95ee6dbced2442682caeec53789999bc6a2883f9919e039b1bee98c6,netherportalfix,NetherPortalFix,21.1.3,BlayTheNinth,*,https://mods.twelveiterations.com/mc/netherportalfix,https://github.com/TwelveIterationMods/NetherPortalFix,All Rights Reserved,ARR,ARR,https://github.com/TwelveIterationMods/NetherPortalFix/blob/main/LICENSE,Metadata fabric.mod.json,1.0,True,241160,6204047,,SIM,SIM,NÃO,SIM,SIM,NÃO,NÃO,CONDICIONAL,CONDICIONAL,CONDICIONAL,NÃO,ALTA,APROVADO,Mod ARR com permissao de distribuicao ativada no CurseForge via CurseForge Modpack Manifest.
notenoughanimations-fabric-1.12.4-mc1.21.1.jar,12e3bded47f6669030edf57b615e77de8d080f38d0313dd892c6d18833fc39fd,notenoughanimations,NotEnoughAnimations,1.12.4,tr7zw,both,https://modrinth.com/mod/not-enough-animations,https://github.com/tr7zw/NotEnoughAnimations,tr7zw Protective License,tr7zw-Protective,CUSTOMIZADA,https://github.com/tr7zw/NotEnoughAnimations/blob/main/LICENSE,Metadata fabric.mod.json,1.0,True,433760,8274906,,SIM,NÃO,NÃO,SIM,SIM,NÃO,NÃO,SIM,SIM,CONDICIONAL,NÃO,ALTA,APROVADO,tr7zw Protective License permite modpacks no CurseForge/Modrinth via canais oficiais; proibe espelhos e redistribuicao direta de JAR.
notenoughcrashes-fabric-4.4.9+1.21.1.jar,1a3a0ec9e7bb60f9c15938ca4287beaf5e49e81183ac273d1a02d734aa327a74,notenoughcrashes,Not Enough Crashes,4.4.9+1.21.1,Fudge; Runemoro,both,https://www.curseforge.com/minecraft/mc-mods/not-enough-crashes,https://github.com/natanfudge/Not-Enough-Crashes,MIT License,MIT,PERMISSIVA,https://github.com/natanfudge/Not-Enough-Crashes/blob/main/LICENSE,Metadata fabric.mod.json / JAR embedded,1.0,False,353890,6598102,,SIM,SIM,SIM,SIM,SIM,SIM,NÃO,SIM,SIM,CONDICIONAL,NÃO,ALTA,APROVADO,
owo-lib-0.12.15.4+1.21.jar,825180ce17bc012fb450653b14df9f32479dcdd073fc3f133bb47462f5a63cec,owo,oωo,0.12.15.4+1.21,glisco,*,https://www.curseforge.com/minecraft/mc-mods/owo-lib,,MIT License,MIT,PERMISSIVA,https://www.curseforge.com/minecraft/mc-mods/owo-lib,Metadata fabric.mod.json / JAR embedded,1.0,True,532610,6446006,,SIM,SIM,SIM,SIM,SIM,SIM,NÃO,SIM,SIM,CONDICIONAL,NÃO,ALTA,APROVADO,
packetfixer-3.3.1-1.20.5-1.21.X-merged.jar,2979a8a3f44e5d5df4f9f6315d18c220f3debf736bb8a2c2740acdfb13bd820f,packetfixer,Packet Fixer,3.3.1,TonimatasDEV,*,https://www.curseforge.com/minecraft/mc-mods/packet-fixer,,MIT License,MIT,PERMISSIVA,https://www.curseforge.com/minecraft/mc-mods/packet-fixer,Metadata fabric.mod.json / JAR embedded,1.0,False,689467,7221528,,SIM,SIM,SIM,SIM,SIM,SIM,NÃO,SIM,SIM,CONDICIONAL,NÃO,ALTA,APROVADO,
particle-rain-3.0.5.jar,4cc0ff16a6782ec4630ec4145b1999e86af58db1c253f75effb75e7d2569d851,particlerain,Particle Rain,3.0.5,PigCart,client,https://www.curseforge.com/minecraft/mc-mods/particle-rain,https://github.com/PigCart/particle-rain,MIT License,MIT,PERMISSIVA,https://github.com/PigCart/particle-rain/blob/main/LICENSE,Metadata fabric.mod.json / JAR embedded,1.0,True,421897,6015282,,SIM,SIM,SIM,SIM,SIM,SIM,NÃO,SIM,SIM,CONDICIONAL,NÃO,ALTA,APROVADO,
particle_core-0.3.3+1.21.jar,e7cfef3eb16d5b73c00915a5f2b820d66555c23d13e0636125d7b07384a443e4,particle_core,Particle Core,0.3.3+1.21,fzzyhmstrs,client,https://www.curseforge.com/minecraft/mc-mods/particle-core,https://github.com/fzzyhmstrs/pc,MIT License,MIT,PERMISSIVA,https://github.com/fzzyhmstrs/pc/blob/main/LICENSE,Metadata fabric.mod.json / JAR embedded,1.0,True,985426,7581173,,SIM,SIM,SIM,SIM,SIM,SIM,NÃO,SIM,SIM,CONDICIONAL,NÃO,ALTA,APROVADO,
pastureLoot-1.0.5+1.21.1.jar,48a705eb70a3f129d64af565ff79cfe164d0e59fe2bbc20a903024d0cc844b8f,pasture-loot,PastureLoot,1.0.5+1.21.1,DrEmixam,*,https://www.curseforge.com/minecraft/mc-mods/cobblemon-pasture-loot,,All Rights Reserved,ARR,ARR,https://www.curseforge.com/minecraft/mc-mods/cobblemon-pasture-loot,Metadata fabric.mod.json,1.0,True,1507970,7893511,,SIM,SIM,NÃO,SIM,SIM,NÃO,NÃO,CONDICIONAL,CONDICIONAL,CONDICIONAL,NÃO,ALTA,APROVADO,Mod ARR com permissao de distribuicao ativada no CurseForge via CurseForge Modpack Manifest.
pasturelimit-1.0.4.jar,4fb486ae5fff9193df4cfa33be3394c328209925d8c81af1b0c47e76f0815421,pasturelimit,PastureLimit,1.0.4,zmoonmaru,*,https://www.curseforge.com/minecraft/mc-mods/cobblemon-pasture-limit,,MIT License,MIT,PERMISSIVA,https://www.curseforge.com/minecraft/mc-mods/cobblemon-pasture-limit,Metadata fabric.mod.json / JAR embedded,1.0,False,1551682,8193650,,SIM,SIM,SIM,SIM,SIM,SIM,NÃO,SIM,SIM,CONDICIONAL,NÃO,ALTA,APROVADO,
placeholder-api-2.4.2+1.21.jar,c0187ee299527ac7a3e0b1e83601dcdc0de631e286fe41e6be1a75958ea8e443,placeholder-api,Placeholder API,2.4.2+1.21,Patbox,*,https://pb4.eu,https://github.com/Patbox/TextPlaceholderAPI,GNU Lesser General Public License v3.0,LGPL-3.0-only,COPYLEFT,https://github.com/Patbox/TextPlaceholderAPI/blob/main/LICENSE,Metadata fabric.mod.json,3.0,True,1037459,6131327,,SIM,SIM,SIM,SIM,SIM,SIM,SIM,SIM,SIM,CONDICIONAL,NÃO,ALTA,APROVADO,
playerxp-fabric-1.0.9+1.21.1.jar,22133f464ea4442b481d0bc814ab928b0473890a86bf36fa90884ed660e3edf9,playerxp,PlayerXP,1.0.9+1.21.1,chadlymasterson,*,https://www.curseforge.com/minecraft/mc-mods/cobblemon-playerxp,,MIT License,MIT,PERMISSIVA,https://www.curseforge.com/minecraft/mc-mods/cobblemon-playerxp,Metadata fabric.mod.json / JAR embedded,1.0,False,1261726,7886106,,CONDICIONAL,NÃO,SIM,SIM,SIM,SIM,NÃO,SIM,SIM,CONDICIONAL,NÃO,ALTA,REVISÃO_MANUAL_NECESSÁRIA,Mod com allowModDistribution=False no CurseForge metadata.
pokeblocks-1.5.0-1.21.1.jar,0cd1ce19b16efe7477cfd4501d1ee3e7c575af113e72ac2ed0f540740eb6a43c,pokeblocks,Pokeblocks,1.5.0-1.21.1,MrShawn,*,https://discord.gg/BnnDnBc33T,https://github.com/Shawn11564/Pokeblocks,Creative Commons CC-BY-NC-4.0,CC-BY-NC-4.0,CREATIVE_COMMONS,https://github.com/Shawn11564/Pokeblocks/blob/main/LICENSE,Metadata fabric.mod.json,4.0,True,1078431,7866584,,SIM,SIM,SIM,SIM,SIM,NÃO,NÃO,SIM,SIM,CONDICIONAL,NÃO,ALTA,APROVADO,
polymer-bundled-0.9.19+1.21.1.jar,8c6bb7897bf53e3207a2ca4fc26db55471990b605855f494c2d80bfcabd1ed3b,polymer-bundled,Polymer,0.9.19+1.21.1,Patbox,*,https://pb4.eu,https://github.com/Patbox/polymer,GNU Lesser General Public License v3.0,LGPL-3.0-only,COPYLEFT,https://github.com/Patbox/polymer/blob/main/LICENSE,Metadata fabric.mod.json,3.0,False,551890,7448053,,SIM,SIM,SIM,SIM,SIM,SIM,SIM,SIM,SIM,CONDICIONAL,NÃO,ALTA,APROVADO,
prickle-fabric-1.21.1-21.1.11.jar,d6d639078aecb72770f287d8253e4634114e2536ac9a2ad6ec5f442eb27dd07f,prickle,PrickleMC,21.1.11,Darkhax,*,https://www.curseforge.com/minecraft/mc-mods/prickle,https://github.com/Darkhax-Minecraft/PrickleMC,GNU Lesser General Public License v2.1,LGPL-2.1-only,COPYLEFT,https://github.com/Darkhax-Minecraft/PrickleMC/blob/main/LICENSE,Metadata fabric.mod.json,2.1,True,1023259,6961454,,SIM,SIM,SIM,SIM,SIM,SIM,SIM,SIM,SIM,CONDICIONAL,NÃO,ALTA,APROVADO,
quickbench-4.4.2+mc.1.21.jar,7af65a71a82f43fe7f672da0e11e8258cca0b14b5573a67bb329fb8da7ea1811,quickbench,QuickBench,4.4.2+mc.1.21,Ampflower; Tfarecnim; Shadows-of-Fire,*,https://mod.ampflower.gay/QuickBench,https://github.com/Modflower/QuickBench,MIT License,MIT,PERMISSIVA,https://github.com/Modflower/QuickBench/blob/main/LICENSE,Metadata fabric.mod.json / JAR embedded,1.0,False,914551,5784135,,SIM,SIM,SIM,SIM,SIM,SIM,NÃO,SIM,SIM,CONDICIONAL,NÃO,ALTA,APROVADO,
rctapi-fabric-1.21.1-0.15.2-beta.jar,e5bd96b1b74aad41588acc078e7385ca72f66a862aae47adda3d55b44c1d5ba8,rctapi,Radical Cobblemon Trainers API,0.15.2-beta,HDainester,*,https://www.curseforge.com/minecraft/mc-mods/radical-cobblemon-trainers-api,,GNU Lesser General Public License v3.0,LGPL-3.0-only,COPYLEFT,https://www.curseforge.com/minecraft/mc-mods/radical-cobblemon-trainers-api,Metadata fabric.mod.json,3.0,False,1152792,7952421,,SIM,SIM,SIM,SIM,SIM,SIM,SIM,SIM,SIM,CONDICIONAL,NÃO,ALTA,APROVADO,
rctmod-fabric-1.21.1-0.18.1-beta.jar,92951d3be475a0433f8ef508439730723e2e901dd1e3b2509c29205031d4eb51,rctmod,Radical Cobblemon Trainers,0.18.1-beta,HDainester,*,https://www.curseforge.com/minecraft/mc-mods/rctmod,,GNU Lesser General Public License v3.0,LGPL-3.0-only,COPYLEFT,https://www.curseforge.com/minecraft/mc-mods/rctmod,Metadata fabric.mod.json,3.0,False,1009534,7913182,,SIM,SIM,SIM,SIM,SIM,SIM,SIM,SIM,SIM,CONDICIONAL,NÃO,ALTA,APROVADO,
rechiseled-1.2.5-fabric-mc1.21.jar,165b3d15be0a874bb60ad6788ed41935a58c1d9a593dde5ba2d10b94370367c9,rechiseled,Rechiseled,1.2.5,SuperMartijn642,*,https://www.curseforge.com/minecraft/mc-mods/rechiseled,https://github.com/SuperMartijn642/Rechiseled,All Rights Reserved,ARR,ARR,https://github.com/SuperMartijn642/Rechiseled/blob/main/LICENSE,Metadata fabric.mod.json,1.0,False,558998,8301622,,SIM,SIM,NÃO,SIM,SIM,NÃO,NÃO,CONDICIONAL,CONDICIONAL,CONDICIONAL,NÃO,ALTA,APROVADO,Mod ARR com permissao de distribuicao ativada no CurseForge via CurseForge Modpack Manifest.
reeses-sodium-options-fabric-2.2.3+mc1.21.1.jar,6f5a2964656552da24e015b6f6e03d4baac8cfed919978785e94920f3fd0f568,reeses-sodium-options,Reese's Sodium Options,2.2.3+mc1.21.1,FlashyReese,client,https://github.com/FlashyReese/reeses-sodium-options,https://github.com/FlashyReese/reeses-sodium-options.git,MIT License,MIT,PERMISSIVA,https://github.com/FlashyReese/reeses-sodium-options.git/blob/main/LICENSE,Metadata fabric.mod.json / JAR embedded,1.0,True,511319,8410879,,SIM,SIM,SIM,SIM,SIM,SIM,NÃO,SIM,SIM,CONDICIONAL,NÃO,ALTA,APROVADO,
regions-unexplored-0.6.2-fabric-21.1.jar,c0c2f1a83cbdc1f252255823e33230ace9db6f5fd6da010a739f46f7a6d3a6a7,regions_unexplored,Regions Unexplored,0.6.2,Apollo; UHQ_Games,both,https://modrinth.com/mod/regions-unexplored,https://github.com/Apollounknowndev/RegionsUnexplored,MIT License,MIT,PERMISSIVA,https://github.com/Apollounknowndev/RegionsUnexplored/blob/main/LICENSE,Metadata fabric.mod.json / JAR embedded,1.0,False,659110,8419666,,SIM,SIM,SIM,SIM,SIM,SIM,NÃO,SIM,SIM,CONDICIONAL,NÃO,ALTA,APROVADO,
releaserewards-fabric-3.0.2.jar,30f57e31cc3ca5e84e043a72e1865edcfb4d84798a586a28f70cecac0cab6b3c,releaserewards,Cobblemon: Parting Gifts,3.0.2,Emperdog,*,https://www.curseforge.com/minecraft/mc-mods/cobblemon-release-rewards,https://github.com/anabsolutesloth/cobblemonreleaserewards,GNU Lesser General Public License v3.0,LGPL-3.0-only,COPYLEFT,https://github.com/anabsolutesloth/cobblemonreleaserewards/blob/main/LICENSE,Metadata fabric.mod.json,3.0,False,1169308,8342147,,SIM,SIM,SIM,SIM,SIM,SIM,SIM,SIM,SIM,CONDICIONAL,NÃO,ALTA,APROVADO,
resourcefullib-fabric-1.21-3.0.12.jar,93064c5aff85bf5e6385470f311fd1c7de172f58b02fefb1d2920db76f8cd8b5,resourcefullib,Resourceful Lib,3.0.12,ThatGravyBoat; Epic_Oreo,*,https://resourcefulbees.com,https://github.com/Team-Resourceful/ResourcefulLib,MIT License,MIT,PERMISSIVA,https://github.com/Team-Resourceful/ResourcefulLib/blob/main/LICENSE,Metadata fabric.mod.json / JAR embedded,1.0,False,570073,5973189,,SIM,SIM,SIM,SIM,SIM,SIM,NÃO,SIM,SIM,CONDICIONAL,NÃO,ALTA,APROVADO,
smoothchunk-fabric-1.21-4.1.jar,d2e4ebd40dc3805d2dd055019b253524ae216ad141818c198b5fabcc75013f40,smoothchunk,Smooth chunk save Mod,1.21-4.1,Someaddons,*,https://www.curseforge.com/minecraft/mc-mods/smooth-chunk-save,,All Rights Reserved,ARR,ARR,https://www.curseforge.com/minecraft/mc-mods/smooth-chunk-save,Metadata fabric.mod.json,1.0,False,582327,6296632,,SIM,SIM,NÃO,SIM,SIM,NÃO,NÃO,CONDICIONAL,CONDICIONAL,CONDICIONAL,NÃO,ALTA,APROVADO,Mod ARR com permissao de distribuicao ativada no CurseForge via CurseForge Modpack Manifest.
sodium-extra-fabric-0.9.3+mc1.21.1.jar,c99dfbfe2fe310aa43b322f784e3d314f574f85ba1c87dc932dbfa68f349bac1,sodium-extra,Sodium Extra,0.9.3+mc1.21.1,FlashyReese,client,https://modrinth.com/mod/sodium-extra,https://github.com/FlashyReese/sodium-extra-fabric,GNU Lesser General Public License v3.0,LGPL-3.0-only,COPYLEFT,https://github.com/FlashyReese/sodium-extra-fabric/blob/main/LICENSE,Metadata fabric.mod.json,3.0,True,447673,8403578,,SIM,SIM,SIM,SIM,SIM,SIM,SIM,SIM,SIM,CONDICIONAL,NÃO,ALTA,APROVADO,
sodium-fabric-0.8.12+mc1.21.1.jar,9ad11a616d1ca759867de8a5bbafcde5ab50b68dbd674110c7b90aeea251b793,sodium,Sodium,0.8.12+mc1.21.1,JellySquid (jellysquid3),client,https://github.com/CaffeineMC/sodium,https://github.com/CaffeineMC/sodium,PolyForm Shield License 1.0.0,PolyForm-Shield-1.0.0,CUSTOMIZADA,https://github.com/CaffeineMC/sodium/blob/main/LICENSE,Metadata fabric.mod.json,1.0.0,True,394468,8382327,,SIM,SIM,CONDICIONAL,CONDICIONAL,CONDICIONAL,NÃO,NÃO,SIM,SIM,CONDICIONAL,NÃO,ALTA,APROVADO,PolyForm Shield proibe uso comercial concorrente.
sophisticatedbackpacks-1.21.1-3.23.4.3.106.jar,bbcd0d01b204efa0d51d7426d9ff08db2d2206017782c21306c500a9c294967e,sophisticatedbackpacks,Sophisticated Backpacks,1.21.1-3.23.4.3.106,P3pp3rF1y; Ridanisaurus; Salandora,*,https://www.curseforge.com/minecraft/mc-mods/sophisticated-backpacks-unofficial-fabric-port,https://github.com/Salandora/SophisticatedBackpacks,GNU General Public License v3.0,GPL-3.0-only,COPYLEFT,https://github.com/Salandora/SophisticatedBackpacks/blob/main/LICENSE,Metadata fabric.mod.json,3.0,False,979322,6844426,,SIM,SIM,SIM,SIM,SIM,SIM,SIM,SIM,SIM,CONDICIONAL,NÃO,ALTA,APROVADO,
sophisticatedcore-1.21.1-1.2.9.21.168.jar,48e99847012a2319fa76b9ae9f277b675d6e60008a5e587c6b966126c092e914,sophisticatedcore,Sophisticated Core,1.21.1-1.2.9.21.168,P3pp3rF1y; Salandora,*,https://www.curseforge.com/minecraft/mc-mods/sophisticated-core-unofficial-fabric-port,https://github.com/P3pp3rF1y/SophisticatedCore,GNU General Public License v3.0,GPL-3.0-only,COPYLEFT,https://github.com/P3pp3rF1y/SophisticatedCore/blob/main/LICENSE,Metadata fabric.mod.json,3.0,False,979317,7344653,,SIM,SIM,SIM,SIM,SIM,SIM,SIM,SIM,SIM,CONDICIONAL,NÃO,ALTA,APROVADO,
sophisticatedstorage-1.21.1-1.3.7.9.139.jar,938954b20c8d01c689166eb58364a67e37a2771091ed628c17d9be459837114c,sophisticatedstorage,Sophisticated Storage,1.21.1-1.3.7.9.139,P3pp3rF1y; Ridanisaurus; Salandora,*,https://www.curseforge.com/minecraft/mc-mods/sophisticated-storage-unofficial-fabric-port,https://github.com/Salandora/SophisticatedStorage,GNU General Public License v3.0,GPL-3.0-only,COPYLEFT,https://github.com/Salandora/SophisticatedStorage/blob/main/LICENSE,Metadata fabric.mod.json,3.0,False,979326,7344673,,SIM,SIM,SIM,SIM,SIM,SIM,SIM,SIM,SIM,CONDICIONAL,NÃO,ALTA,APROVADO,
spark-1.10.109-fabric.jar,fafc121ac53dab1c32e74b7a1cae47d54435ba4cbeeda1180dc96675a7757047,spark,spark,1.10.109,Luck,*,https://spark.lucko.me/,https://github.com/lucko/spark,GNU General Public License v3.0,GPL-3.0-only,COPYLEFT,https://github.com/lucko/spark/blob/main/LICENSE,Metadata fabric.mod.json,3.0,True,361579,5759670,,SIM,SIM,SIM,SIM,SIM,SIM,SIM,SIM,SIM,CONDICIONAL,NÃO,ALTA,APROVADO,
supermartijn642configlib-1.1.8-fabric-mc1.21.jar,63a29f2acf4be2c5ca89a81a046c1100111ad2865d9638f638e27ca161e7211c,supermartijn642configlib,SuperMartijn642's Config Lib,1.1.8,SuperMartijn642,*,https://www.curseforge.com/minecraft/mc-mods/supermartijn642s-config-lib,https://github.com/SuperMartijn642/SuperMartijn642sConfigLib,All Rights Reserved,ARR,ARR,https://github.com/SuperMartijn642/SuperMartijn642sConfigLib/blob/main/LICENSE,Metadata fabric.mod.json,1.0,False,438332,5546988,,SIM,SIM,NÃO,SIM,SIM,NÃO,NÃO,CONDICIONAL,CONDICIONAL,CONDICIONAL,NÃO,ALTA,APROVADO,Mod ARR com permissao de distribuicao ativada no CurseForge via CurseForge Modpack Manifest.
supermartijn642corelib-1.1.22-fabric-mc1.21.jar,8452befb7f78c55586ae8980f13abdcceef6c8b01d9efa767180f81e0a22e2f0,supermartijn642corelib,SuperMartijn642's Core Lib,1.1.22,SuperMartijn642,*,https://www.curseforge.com/minecraft/mc-mods/supermartijn642s-core-lib,https://github.com/SuperMartijn642/SuperMartijn642sCoreLib,All Rights Reserved,ARR,ARR,https://github.com/SuperMartijn642/SuperMartijn642sCoreLib/blob/main/LICENSE,Metadata fabric.mod.json,1.0,False,454372,8526705,,SIM,SIM,NÃO,SIM,SIM,NÃO,NÃO,CONDICIONAL,CONDICIONAL,CONDICIONAL,NÃO,ALTA,APROVADO,Mod ARR com permissao de distribuicao ativada no CurseForge via CurseForge Modpack Manifest.
talking-heads-1.1.3+1.21.1+fabric.jar,8b8ccb302ff6ae08524c4e07bac06226e6f3fafa851925150a50e319838f6e87,talkingheads,Talking Heads,1.1.3+1.21.1+fabric,ZipeStudio,*,https://modrinth.com/mod/talkingheads,https://github.com/ZipeStudio/talkingheads,Creative Commons CC-BY-ND-4.0,CC-BY-ND-4.0,CREATIVE_COMMONS,https://github.com/ZipeStudio/talkingheads/blob/main/LICENSE,Metadata fabric.mod.json,4.0,True,1108100,8409679,,CONDICIONAL,NÃO,SIM,SIM,SIM,NÃO,NÃO,SIM,SIM,CONDICIONAL,NÃO,ALTA,REVISÃO_MANUAL_NECESSÁRIA,Mod com allowModDistribution=False no CurseForge metadata.
tectonic-3.0.26-fabric-21.1.jar,6653be7cb1574e5973cde0a8cacb9d79d9e55a99bf7378937e0c47979b718b67,tectonic,Tectonic,3.0.26,Apollo,*,https://modrinth.com/project/tectonic,https://github.com/Apollounknowndev/tectonic,MIT License,MIT,PERMISSIVA,https://github.com/Apollounknowndev/tectonic/blob/main/LICENSE,Metadata fabric.mod.json / JAR embedded,1.0,False,686836,8360846,,SIM,SIM,SIM,SIM,SIM,SIM,NÃO,SIM,SIM,CONDICIONAL,NÃO,ALTA,APROVADO,
timcore-fabric-1.7.3-1.32.0.jar,8daaf896de6bc2ee0c097ff24659d248d800a31d7a8373c93a9790d2afb48d1d,tim_core,Tim Core,1.7.3-fabric-1.32.0,timinc aka Timothy Metcalfe,*,https://discord.com/invite/WKAR27SdSv,https://github.com/timinc-cobble/cobblemon-tim-core,MIT License,MIT,PERMISSIVA,https://github.com/timinc-cobble/cobblemon-tim-core/blob/main/LICENSE,Metadata fabric.mod.json / JAR embedded,1.0,False,1295910,7938282,,SIM,SIM,SIM,SIM,SIM,SIM,NÃO,SIM,SIM,CONDICIONAL,NÃO,ALTA,APROVADO,
toms_storage_fabric-1.21-2.4.1.jar,9065f153d02dfb2356ee82a3c860d2e22fb7281a6062c5d1f90cde0bafc9b26a,toms_storage,Tom's Simple Storage Mod,2.4.1,tom5454,*,https://www.curseforge.com/minecraft/mc-mods/toms-storage-fabric,https://github.com/tom5454/Toms-Storage/,MIT License,MIT,PERMISSIVA,https://github.com/tom5454/Toms-Storage//blob/main/LICENSE,Metadata fabric.mod.json / JAR embedded,1.0,False,396826,8501303,,SIM,SIM,SIM,SIM,SIM,SIM,NÃO,SIM,SIM,CONDICIONAL,NÃO,ALTA,APROVADO,
tooltipfix-1.1.1-1.20.jar,50c6c45d16c62b0d9a832692b7f6250d5561f0b28bf7729d8ab25fe1162c90d2,tooltipfix,ToolTip Fix,1.1.1-1.20,kyrptonaught,client,https://www.curseforge.com/minecraft/mc-mods/tooltipfix,https://github.com/kyrptonaught/tooltipfix,MIT License,MIT,PERMISSIVA,https://github.com/kyrptonaught/tooltipfix/blob/main/LICENSE,Metadata fabric.mod.json / JAR embedded,1.0,True,411557,4577194,,SIM,SIM,SIM,SIM,SIM,SIM,NÃO,SIM,SIM,CONDICIONAL,NÃO,ALTA,APROVADO,
voicechat-fabric-1.21.1-2.6.21.jar,1f005d89cf9d4428594e134b50f17bd8c2ef4842d9644e3a2f617b90b4a2d0b8,voicechat,Simple Voice Chat,1.21.1-2.6.21,Max Henkel,*,https://modrepo.de/minecraft/voicechat/overview,https://github.com/henkelmax/simple-voice-chat,All Rights Reserved,ARR,ARR,https://github.com/henkelmax/simple-voice-chat/blob/main/LICENSE,Metadata fabric.mod.json,1.0,True,416089,8464103,,SIM,SIM,NÃO,SIM,SIM,NÃO,NÃO,CONDICIONAL,CONDICIONAL,CONDICIONAL,NÃO,ALTA,APROVADO,Mod ARR com permissao de distribuicao ativada no CurseForge via CurseForge Modpack Manifest.
waystones-fabric-1.21.1-21.1.38.jar,416be05e0961d673e3e819e40db203d730f15c2bd59045e9917f6a4941b053a5,waystones,Waystones,21.1.38,BlayTheNinth,*,https://mods.twelveiterations.com/minecraft/waystones,https://github.com/TwelveIterations/Waystones,All Rights Reserved,ARR,ARR,https://github.com/TwelveIterations/Waystones/blob/main/LICENSE,Metadata fabric.mod.json,1.0,True,245755,8498217,,SIM,SIM,NÃO,SIM,SIM,NÃO,NÃO,CONDICIONAL,CONDICIONAL,CONDICIONAL,NÃO,ALTA,APROVADO,Mod ARR com permissao de distribuicao ativada no CurseForge via CurseForge Modpack Manifest.
wild_battle_api-fabric-1.1.2.jar,c25fee08e90ed8d28d2a0051f892bae28e1d6d8522c523131bd7dcbef9bcd0a8,wild_battle_api,Wild Battle API,1.1.2,Raguto,*,https://www.curseforge.com/minecraft/mc-mods/wild-battle-api,,All Rights Reserved,ARR,ARR,https://www.curseforge.com/minecraft/mc-mods/wild-battle-api,Metadata fabric.mod.json,1.0,False,1478863,7765021,,SIM,SIM,NÃO,SIM,SIM,NÃO,NÃO,CONDICIONAL,CONDICIONAL,CONDICIONAL,NÃO,ALTA,APROVADO,Mod ARR com permissao de distribuicao ativada no CurseForge via CurseForge Modpack Manifest.
yet_another_config_lib_v3-3.8.2+1.21.1-fabric.jar,6ab420b7d1326fc9851b96a8967504bd644da421ed6438ceb9a9d9c993a408b1,yet_another_config_lib_v3,YetAnotherConfigLib,3.8.2+1.21.1-fabric,isXander,*,https://isxander.dev,https://github.com/isXander/YetAnotherConfigLib,GNU Lesser General Public License v3.0,LGPL-3.0-only,COPYLEFT,https://github.com/isXander/YetAnotherConfigLib/blob/main/LICENSE,Metadata fabric.mod.json,3.0,False,667299,7437855,,SIM,SIM,SIM,SIM,SIM,SIM,SIM,SIM,SIM,CONDICIONAL,NÃO,ALTA,APROVADO,
zoomify-2.15.2+1.21.1.jar,6c317987df28922e227ab3ac4e39090460d99b965bcb9c8da8f9a4493b705d00,zoomify,Zoomify,2.15.2+1.21.1,isXander,client,https://isxander.dev,https://github.com/isXander/Zoomify,GNU Lesser General Public License v3.0,LGPL-3.0-only,COPYLEFT,https://github.com/isXander/Zoomify/blob/main/LICENSE,Metadata fabric.mod.json,3.0,False,574741,7591960,,SIM,SIM,SIM,SIM,SIM,SIM,SIM,SIM,SIM,CONDICIONAL,NÃO,ALTA,APROVADO,
